소분류,중분류,곳수,카테고리,칸,비고
가구 소매업,가구 소매,9862,기타,확인필요,
핸드폰 소매업,가전·통신 소매,21807,전자기기,확인필요,
가전제품 소매업,가전·통신 소매,8161,전자기기,확인필요,
컴퓨터/소프트웨어 소매업,가전·통신 소매,6059,전자기기,확인필요,
가전제품 수리업,가전제품 수리,13368,수리비,확인필요,
기타 개인/가정용품 대여업,가정용품 대여,4084,생활용품,비통상,
스포츠/레크리에이션 용품 대여업,가정용품 대여,2324,여가,비통상,
의류 대여업,가정용품 대여,2040,생활용품,비통상,
만화방,가정용품 대여,645,여가,비통상,
음반/비디오물 대여업,가정용품 대여,89,생활용품,비통상,
고용 알선업,고용 알선,10751,전문가수수료,확인필요,
임시/일용 인력 공급업,고용 알선,6757,전문가수수료,확인필요,
상용 인력 공급 및 인사관리 서비스업,고용 알선,2224,전문가수수료,확인필요,
광고 대행업,광고,33608,광고,통상,
광고물 설계/제작업,광고,7576,광고,통상,
기타 광고 관련 서비스업,광고,1987,광고,통상,
옥외/전시 광고 대행업,광고,1765,광고,통상,
광고 매체 판매업,광고,559,광고,통상,
기타 교육지원 서비스업,교육 지원,9132,교육,통상,★검토
교육컨설팅업,교육 지원,6001,교육,통상,★검토
구내식당,구내식당·뷔페,7489,음식점,확인필요,
뷔페,구내식당·뷔페,3184,음식점,확인필요,
건축 설계 및 관련 서비스업,기술 서비스,21245,전문가수수료,확인필요,
기타 엔지니어링 서비스업,기술 서비스,11977,전문가수수료,확인필요,
건물 및 토목 엔지니어링 서비스업,기술 서비스,7797,전문가수수료,확인필요,
환경 관련 엔지니어링 서비스업,기술 서비스,2396,전문가수수료,확인필요,
도시 계획 및 조경 설계 서비스업,기술 서비스,1988,전문가수수료,확인필요,
그 외 기타 개인/가정용품 수리업,기타 가정용품 수리,8375,수리비,확인필요,
의류/이불 수선업,기타 가정용품 수리,6875,수리비,확인필요,
가죽/가방/신발 수선업,기타 가정용품 수리,998,수리비,확인필요,
시계/귀금속/악기 수리업,기타 가정용품 수리,516,수리비,확인필요,
김밥/만두/분식,기타 간이,44410,음식점,확인필요,
치킨,기타 간이,40315,음식점,확인필요,
빵/도넛,기타 간이,31168,음식점,확인필요,
피자,기타 간이,17509,음식점,확인필요,
떡/한과,기타 간이,9418,음식점,확인필요,
그 외 기타 간이 음식점,기타 간이,8144,음식점,확인필요,
버거,기타 간이,5749,음식점,확인필요,
토스트/샌드위치/샐러드,기타 간이,3407,음식점,확인필요,
아이스크림/빙수,기타 간이,2821,음식점,확인필요,
결혼 상담 서비스업,기타 개인,1759,기타,확인필요,
예식장업,기타 개인,724,기타,확인필요,
요가/필라테스 학원,기타 교육,21718,여가,비통상,
음악학원,기타 교육,15877,여가,비통상,
기타 기술/직업 훈련학원,기타 교육,15005,교육,통상,직무 훈련만 통상
태권도/무술학원,기타 교육,11802,여가,비통상,
미술학원,기타 교육,9322,여가,비통상,
그 외 기타 교육기관,기타 교육,7503,교육,통상,★검토: 범위가 넓음
외국어학원,기타 교육,5485,여가,비통상,
기타 예술/스포츠 교육기관,기타 교육,4903,여가,비통상,
레크리에이션 교육기관,기타 교육,4770,여가,비통상,
직원 훈련기관,기타 교육,2559,여가,비통상,
컴퓨터 학원,기타 교육,1074,여가,비통상,
사회교육시설,기타 교육,794,여가,비통상,
청소년 수련시설,기타 교육,791,여가,비통상,
운전학원,기타 교육,725,여가,비통상,
전문자격/고시학원,기타 교육,547,여가,비통상,
유사 의료업,기타 보건,3014,의료,비통상,
전시/컨벤션/행사 대행 서비스업,기타 사업 서비스,13093,광고,통상,★검토
포장/충전업,기타 사업 서비스,2979,기타,확인필요,
그 외 기타 상품 전문 소매업,기타 상품 소매,12842,기타,확인필요,
주방/가정용품 소매업,기타 생활용품 소매,10822,생활용품,비통상,
전기용품/조명장치 소매업,기타 생활용품 소매,6061,생활용품,비통상,
악기 소매업,기타 생활용품 소매,1535,여가,비통상,
기숙사/고시원,기타 숙박,5829,임차료,확인필요,
그 외 기타 숙박업,기타 숙박,593,임차료,확인필요,
분류 안된 외국식 음식점,기타 외국,49,음식점,확인필요,
사업/무형 재산권 중개업,기타 전문 과학,2651,전문가수수료,확인필요,
번역/통역 서비스업,기타 전문 과학,2413,전문가수수료,확인필요,
담배/전자담배 소매업,담배 소매,4185,생활용품,비통상,
독서실/스터디 카페,도서관·사적지,10854,카페,확인필요,작업공간 이용. 카페와 같은 칸
베트남식 전문,동남아시아,6094,음식점,확인필요,
기타 동남아식 전문,동남아시아,537,음식점,확인필요,
모터사이클 및 부품 소매업,모터사이클 소매,2125,차량,확인필요,
모터사이클 수리업,모터사이클 수리,3221,차량,확인필요,
변호사,법무관련,9287,전문가수수료,확인필요,
법무사,법무관련,7275,전문가수수료,확인필요,
행정사,법무관련,4339,전문가수수료,확인필요,
공인노무사,법무관련,1701,전문가수수료,확인필요,
변리사,법무관련,1241,전문가수수료,확인필요,
기타 법무관련 서비스업,법무관련,439,전문가수수료,확인필요,
요양병원,병원,1398,의료,비통상,
일반병원,병원,1169,의료,비통상,
한방병원,병원,546,의료,비통상,
치과병원,병원,392,의료,비통상,
종합병원,병원,388,의료,비통상,
경영 컨설팅업,본사·경영 컨설팅,64026,전문가수수료,확인필요,
부동산 중개/대리업,부동산 서비스,105445,전문가수수료,확인필요,
카페,비알코올,122623,카페,확인필요,
복사업,사무 지원,2065,사무용품,통상,
기타 사무 지원 서비스업,사무 지원,1749,기타,확인필요,
사진촬영업,사진 촬영,20483,전문가수수료,확인필요,
기타 산업용 기계/장비 대여업,산업용품 대여,3705,기타,확인필요,
건설기계/장비 대여업,산업용품 대여,3160,기타,확인필요,
컴퓨터/사무기기 대여업,산업용품 대여,2280,임차료,확인필요,
경양식,서양식,19598,음식점,확인필요,
파스타/스테이크,서양식,2041,음식점,확인필요,
기타 서양식 음식점,서양식,1051,음식점,확인필요,
패밀리레스토랑,서양식,410,음식점,확인필요,
기타 의류 소매업,섬유·의복·신발 소매,51513,생활용품,비통상,
여성 의류 소매업,섬유·의복·신발 소매,34010,생활용품,비통상,
침구류/커튼 소매업,섬유·의복·신발 소매,8720,생활용품,비통상,
남성 의류 소매업,섬유·의복·신발 소매,8107,생활용품,비통상,
신발 소매업,섬유·의복·신발 소매,7822,생활용품,비통상,
액세서리/잡화 소매업,섬유·의복·신발 소매,6322,생활용품,비통상,
유아용 의류 소매업,섬유·의복·신발 소매,4391,생활용품,비통상,
가방 소매업,섬유·의복·신발 소매,3999,생활용품,비통상,
실/섬유제품 소매업,섬유·의복·신발 소매,3217,생활용품,비통상,
한복 소매업,섬유·의복·신발 소매,1095,생활용품,비통상,
가발 소매업,섬유·의복·신발 소매,766,생활용품,비통상,
세탁소,세탁,20146,생활용품,비통상,
셀프 빨래방,세탁,4990,생활용품,비통상,
동물병원,수의,4662,생활용품,비통상,
헬스장,스포츠 서비스,14634,여가,비통상,
당구장,스포츠 서비스,12287,여가,비통상,
골프 연습장,스포츠 서비스,11768,여가,비통상,
테니스장,스포츠 서비스,3147,여가,비통상,
기타 스포츠시설 운영업,스포츠 서비스,2506,여가,비통상,
탁구장,스포츠 서비스,1855,여가,비통상,
볼링장,스포츠 서비스,1038,여가,비통상,
종합 스포츠시설,스포츠 서비스,666,여가,비통상,
수영장,스포츠 서비스,555,여가,비통상,
스쿼시/라켓볼장,스포츠 서비스,197,여가,비통상,
시계/귀금속 소매업,시계·귀금속 소매,10516,생활용품,비통상,
사업시설 유지·관리 서비스업,시설관리,7761,기타,확인필요,
시장 조사 및 여론 조사업,시장 조사,1471,전문가수수료,확인필요,
채소/과일 소매업,식료품 소매,19065,생활용품,비통상,
정육점,식료품 소매,17852,생활용품,비통상,
건강보조식품 소매업,식료품 소매,15842,생활용품,비통상,
반찬/식료품 소매업,식료품 소매,15005,생활용품,비통상,
수산물 소매업,식료품 소매,9011,생활용품,비통상,
건어물/젓갈 소매업,식료품 소매,5204,생활용품,비통상,
곡물/곡분 소매업,식료품 소매,2029,생활용품,비통상,
가축 사료 소매업,식료품 소매,895,생활용품,비통상,
아이스크림 할인점,식료품 소매,237,생활용품,비통상,
꽃집,식물 소매,17769,기타,확인필요,
안경렌즈 소매업,안경·정밀기기 소매,9804,의료,비통상,
사무기기 소매업,안경·정밀기기 소매,1629,사무용품,통상,
사진기/기타 광학기기 소매업,안경·정밀기기 소매,566,전자기기,확인필요,
애완동물/애완용품 소매업,애완동물·용품 소매,10309,생활용품,비통상,
여행사,여행사·보조,13917,여비교통,확인필요,
기타 여행 보조/예약 서비스업,여행사·보조,1652,여비교통,확인필요,
주유소,연료 소매,12551,차량,확인필요,
가정용 연료 소매업,연료 소매,5523,수도광열,확인필요,
가스 충전소,연료 소매,1809,차량,확인필요,
운동용품 소매업,오락용품 소매,11120,생활용품,비통상,
문구/회화용품 소매업,오락용품 소매,8893,사무용품,통상,
서점,오락용품 소매,6762,도서,통상,
장난감 소매업,오락용품 소매,5536,생활용품,비통상,
자전거 소매업,오락용품 소매,2817,생활용품,비통상,
음반/비디오물 소매업,오락용품 소매,396,여가,비통상,
마사지/안마,욕탕·신체관리,6085,미용,비통상,
체형/비만 관리,욕탕·신체관리,5491,미용,비통상,
목욕탕/사우나,욕탕·신체관리,4910,미용,비통상,
자동차 대여업,운송장비 대여,3647,차량,확인필요,
기타 운송장비 대여업,운송장비 대여,1549,차량,확인필요,
노래방,유원지·오락,26573,여가,비통상,
PC방,유원지·오락,7464,여가,비통상,
복권 발행/판매업,유원지·오락,7271,여가,비통상,
기타 오락장,유원지·오락,5133,여가,비통상,
기타 오락관련 서비스업,유원지·오락,4544,여가,비통상,
전자 게임장,유원지·오락,3105,여가,비통상,
수상/해양 레저업,유원지·오락,1241,여가,비통상,
낚시터 운영업,유원지·오락,565,여가,비통상,
바둑/장기/체스 경기 운영업,유원지·오락,503,여가,비통상,
비디오방,유원지·오락,106,여가,비통상,
생수/음료 소매업,음료 소매,1403,생활용품,비통상,
주류 소매업,음료 소매,982,생활용품,비통상,
우유 소매업,음료 소매,482,생활용품,비통상,
얼음 소매업,음료 소매,155,생활용품,비통상,
화장품 소매업,의약·화장품 소매,27468,생활용품,비통상,
약국,의약·화장품 소매,25072,의료,비통상,
의료기기 소매업,의약·화장품 소매,7542,의료,비통상,
치과의원,의원,13394,의료,비통상,
한의원,의원,9928,의료,비통상,
내과/소아과 의원,의원,7912,의료,비통상,
피부/비뇨기과 의원,의원,4862,의료,비통상,
외과 의원,의원,3952,의료,비통상,
기타 의원,의원,2575,의료,비통상,
이비인후과 의원,의원,1869,의료,비통상,
신경/정신과 의원,의원,1611,의료,비통상,
성형외과 의원,의원,1608,의료,비통상,
산부인과 의원,의원,1321,의료,비통상,
안과 의원,의원,1208,의료,비통상,
방사선 진단/병리 검사 의원,의원,319,의료,비통상,
미용실,이용·미용,120979,미용,비통상,
피부 관리실,이용·미용,36738,미용,비통상,
네일숍,이용·미용,27493,미용,비통상,
명함/간판/광고물 제작,인쇄·제품제작,17694,광고,통상,
입시·교과학원,일반 교육,63767,교육,통상,★검토: 1인 IT 사업자에게 입시학원은 개인(자녀) 지출. 카테고리 교육=통상이면 과대계상
펜션,일반 숙박,44806,여비교통,확인필요,
여관/모텔,일반 숙박,24140,여비교통,확인필요,
캠핑/글램핑,일반 숙박,2616,여비교통,확인필요,
호텔/리조트,일반 숙박,2499,여비교통,확인필요,
일식 회/초밥,일식,19499,음식점,확인필요,
일식 카레/돈가스/덮밥,일식,2539,음식점,확인필요,
일식 면 요리,일식,2292,음식점,확인필요,
기타 일식 음식점,일식,512,음식점,확인필요,
자동차 부품 소매업,자동차 부품 소매,7702,차량,확인필요,
타이어 소매업,자동차 부품 소매,1766,차량,확인필요,
자동차 정비소,자동차 수리·세차,38362,차량,확인필요,
자동차 세차장,자동차 수리·세차,14318,차량,확인필요,
장례식장,장례식장,3829,기타,확인필요,
화장터/묘지/납골당,장례식장,1254,기타,확인필요,
예술품 소매업,장식품 소매,6109,기타,확인필요,
기념품점,장식품 소매,6034,기타,확인필요,
인테리어 디자인업,전문 디자인,24155,전문가수수료,확인필요,
시각 디자인업,전문 디자인,15615,전문가수수료,확인필요,
제품 디자인업,전문 디자인,5045,전문가수수료,확인필요,
패션/섬유/기타 전문 디자인업,전문 디자인,2853,전문가수수료,확인필요,
조경 유지·관리 서비스업,조경·유지,1874,기타,확인필요,
슈퍼마켓,종합 소매,63862,편의점,확인필요,소모품·개인소비 혼재 → 편의점과 같은 칸으로
편의점,종합 소매,54446,편의점,확인필요,
그 외 기타 종합 소매업,종합 소매,6572,기타,확인필요,
요리 주점,주점,56078,음식점,확인필요,
일반 유흥 주점,주점,25375,음식점,확인필요,
생맥주 전문,주점,15149,음식점,확인필요,
무도 유흥 주점,주점,978,음식점,확인필요,
중고 상품 소매업,중고 상품 소매,9740,기타,확인필요,
중국집,중식,27615,음식점,확인필요,
마라탕/훠궈,중식,4369,음식점,확인필요,
철물/공구 소매업,철물·건설자재 소매,15279,기타,확인필요,
벽지/장판/마루 소매업,철물·건설자재 소매,5575,기타,확인필요,
기타 건설/건축자재 소매업,철물·건설자재 소매,2016,기타,확인필요,
건설/건축자재 소매업,철물·건설자재 소매,1363,기타,확인필요,
건축물 일반 청소업,청소·방제,23541,기타,확인필요,
소독; 구충 및 방제 서비스업,청소·방제,4470,기타,확인필요,
산업설비; 운송장비 및 공공장소 청소업,청소·방제,3599,기타,확인필요,
컴퓨터/노트북/프린터 수리업,컴퓨터 수리,7776,수리비,확인필요,
핸드폰/통신장비 수리업,통신장비 수리,1620,수리비,확인필요,
백반/한정식,한식,180762,음식점,확인필요,
돼지고기 구이/찜,한식,55328,음식점,확인필요,
국/탕/찌개류,한식,31908,음식점,확인필요,
국수/칼국수,한식,20442,음식점,확인필요,
횟집,한식,19385,음식점,확인필요,
해산물 구이/찜,한식,14561,음식점,확인필요,
닭/오리고기 구이/찜,한식,8622,음식점,확인필요,
족발/보쌈,한식,7573,음식점,확인필요,
곱창 전골/구이,한식,7194,음식점,확인필요,
소고기 구이/찜,한식,6184,음식점,확인필요,
냉면/밀면,한식,3883,음식점,확인필요,
기타 한식 음식점,한식,2485,음식점,확인필요,
전/부침개,한식,914,음식점,확인필요,
복 요리 전문,한식,591,음식점,확인필요,
세무사,회계·세무,14983,전문가수수료,확인필요,
공인회계사,회계·세무,1836,전문가수수료,확인필요,
기타 회계 관련 서비스업,회계·세무,70,전문가수수료,확인필요,
